feature,importance_rf
alm,0.2927331252472999
mit,0.19004466598492217
mcg,0.16554450044608768
gvh,0.1427788410868161
nuc,0.1265630547223564
vac,0.07375881687277895
pox,0.00840642503956818
erl,0.00017057060017054915
