feature,importance_rf
med_income,0.45150135357825594
lon,0.15149897576734306
lat,0.14520316580844672
med_age,0.06217447740632379
population,0.06137110288755002
total_rooms,0.053573725189065724
total_beds,0.037628559267274334
households,0.03704864009574049
