feature,importance_rf
V1,0.34248578393149204
V2,0.24852807195257562
V4,0.22616981904871947
V3,0.18281632506721293
